,teks,label,clean_text
0,J0K3RNET88 situs cardgames hkbgaming SB0 live Din6'DonG 36D T0~G3l Sydney & Hongkong serta Slot'games terlengkap. Gabung skrg juga! bit.ly/J0K3RN3T88,1,jkrnet cardgames hkbgaming sb live dindong d tanggal sydney hongkong slotgames lengkap gabung bitlyjkrnt
1,Situs betting On'line JOK3RB3T888 terbaik yang menyediakan jackpot terbesar hingga ratusan juta rupiah setiap harinya segera daftar di bit.ly/J0K3RBET888,1,betting online jokrbt baik sedia jackpot besar ratus rupiah hari daftar bitlyjkrbet
2,Situs betting On'line JOK3RB3T888 terbaik yang menyediakan jackpot terbesar hingga ratusan juta rupiah setiap harinya segera daftar di bit.ly/J0K3RBET888,1,betting online jokrbt baik sedia jackpot besar ratus rupiah hari daftar bitlyjkrbet
3,Menang jutaan di Sakon6 On'Line Main juga D1nG'D0nG Live sbo T0'GeL japan SlotGam3s Ce'Me On'Line 8080Sp0rt cutt.ly/8080Sp0r7 Daftar & Dapatkan Jackpot!,1,menang juta sakon online main dngdng live sbo tgel japan slotgams ceme online cuttlyspr daftar dapat jackpot
4,Mainkan To~gel cambodiaSlot'games On-line live D1N9-D0N9 Sa'kong hkb adu q sportSbook C4-S1-N0Bo'la tangkas di situs T0~93LMANDIRI s.id/T9LM4ND1RI,1,main togel cambodiaslotgames online live dndn sakong hkb adu sportsbook csnbola tangkas tlmandiri sidtlmndri
5,JayaPo'ker bit.ly/J4Y4P-k3r  B4nd4r To~gel 0n-line cambodiasydney china japan singapore hongkong DISKON TERBESAR 65%. Mainkan jg Domino & D1nG-DonG HKB,1,jayapoker bitlyjypkr bndr togel nline cambodiasydney china japan singapore hongkong diskon besar main jg domino dngdong hkb
6,Bnyk promo main cardgames HKB SL0T-GAM3S terlengkap. Ada jg D1NG-D0NG T0-93L Sydney B0-L4 & C4-S1N0 SB0. Yuk d4ft4r P-K3RBOYA  bit.ly/P-K3Rboya,1,promo main cardgames hkb sltgams lengkap jg dngdng tl sydney bl csn sb yuk dftr pkrboya bitlypkrboya
7,Daftar & main cardgames Domino Ce-Me online slots Ding-Dong HKBTo-GeL sydneySBO C4S1N0 sportsbook di BROVEGAS bit.ly/BR0VE64S raih jackpot setiap hari,1,daftar main cardgames domino ceme online slots dingdong hkbtogel sydneysbo csn sportsbook brovegas bitlybrves raih jackpot
8,Hanya 1 UserID main To-GeL CambodiaDing-Dong HKBDomino P-ker HKBSlot-Games C4S1N0 & Bol4 online SBOBET. Gabung di HORAS-P-KER bit.ly/HorasPk3r,1,userid main togel cambodiadingdong hkbdomino pker hkbslotgames csn bol online sbobet gabung horaspker bitlyhoraspkr
9,Mainkan games terlengkap di INDOT093L bit.ly/IndoTgl Live casinosportsbookomaha PkerC3M3Slot games Live 48ball & T093L hongkong. Daftar Skrng juga !,1,main games lengkap indotl bitlyindotgl live casinosportsbookomaha pkercmslot games live ball tl hongkong daftar
10,Dpt jutaan rupiah setiap hari di JayaPK3r bit.ly/J4y4pK3r  main slotgamePk3rC3M3live36D T093L hongkongsbobetlive casino. 10rb saja sudah bisa main!,1,dpt juta rupiah jayapkr bitlyjypkr main slotgamepkrcmlived tl hongkongsbobetlive casino main
11,Bonus referral Big Two p0ker & Domino QQ hingga 12% dan Live Dingdong 36D p0ker Dice 01%. nikmati juga diskon T0GeL SD & HK hingga 65% di bit.ly/8080Sport,1,bonus referral big two pker domino qq live dingdong d pker dice nikmat diskon tgel sd hk bitlysport
12,Berapapun Kemenangan Anda akan di Bayar di INDOT0GEL http://103.10.201.23 / Daftar dan Gabung sekarang juga di Permainan T0gel Sydney Singapore & Hongkong,1,menang bayar indotgel daftar gabung main tgel sydney singapore hongkong
13,Kemenangan Besar Menanti Anda di RGOPOKER http://103.10.200.52 / tersedia Domino-QQ Poker Big-Two Bola-Tangkas Poker-Dealer Black-Jack & Ceme-Fighter,1,menang rgopoker sedia dominoqq poker bigtwo bolatangkas pokerdealer blackjack cemefighter
14,Bingung cari BO terpercaya? yuk gabung di jayapoker http://103.10.200.41 Nikmati Serunya permainan kartu yang menarik yaitu : Ceme  Texaspoker dan Domino QQ,1,bingung cari bo percaya yuk gabung jayapoker nikmat seru main kartu tarik ceme texaspoker domino qq
15,Ayo main TO63L HongkongSlot-GamesDo-mi-no P0-K3R hkb Ceme hkbDin6Dong 48D36D12Dsbo C4SINO & Bola di situs resmi EY4NGP@KER cutt.ly/Eyan9po-ker,1,ayo main tol hongkongslotgamesdomino pkr hkb ceme hkbdindong dddsbo csino bola resmi eyngpker cuttlyeyanpoker
16,A'YO K'E SO'NIC88 DP'T K'AN PRO'MO FR'EE CH'IP DE'PO 100 MELEDAK J'D 200 DP'T'KAN I'D MAX'WIN SK'RG DF'TR SK'RG bit.ly/3Uye6bV,1,ayo sonic dpt promo free chip depo ledak jd dptkan id maxwin dftr bitlyuyebv
17,15209763.net Hnya dsni kmu dpt prmo 100% cukup isi 30K,1,net hnya dsni kmu dpt prmo isi k
18,ay'o ma'in d EV'O'88 dp'tk'n I'D VIP AN'TI RU'NG'KAT EX'TR'A DE'PO 100% DE'P'O 1'00 J'D 2'00 df'tr sk'rg j'g d'i biturl.org/mO6Jjl Cla'im k'e C'S y'a,1,ayo main d evo dptkn id vip anti rungkat extra depo depo jd dftr jg biturlorgmojjl claim cs ya
19,PO'WE'R 77 WE'B TE'R'GA'COR DP'T K'AN I'D PO'WER'77 I'D V'IP W'R 9'8 DE'PO 100 J'D 200 DF'TR SK'RG prourl.co/WqFBR8,1,power tergacor dpt id power id vip wr depo jd dftr prourlcowqfbr
20,A'YO MA'IN D'I MA'FIA'CA'SH A'DA PR'MO FR'EE CH'IP DE'PO 100 J'D 200 ZE'US L'G GA'COR! MA'IN SK'RG DF'TR D s.id/1DSdZ,1,ayo main mafiacash prmo free chip depo jd zeus lg main dftr d siddsdz
21,I'D Anti RUNG''K4TZ Pasti Dapat P3R'K4L14N B3'S$R. BONUS S/D 200rb Hanya min.isi 30rb. Klik Utk I'D SP3'S1$L V!P: https://cutt.ly/E2F7nVz https://is.gd/vLVSDh,1,id anti rungktz prkln bonus sd misi klik id spsl vp
22,QQ39BET - Situs S L O T PRAGMATIC Mudah JP & RTP Tinggi 96% Bonus Mix Parlay 50jt Lucky Tiket 39jt. Daftar: bit.ly/qq39betslot,1,qqbet s l o t pragmatic mudah jp rtp bonus mix parlay jt lucky tiket jt daftar bitlyqqbetslot
23,Se'Mua GA'MES GA'COR... DP'T K'AN PRO'MO FR'EE CH'IP SK'RG DE'PO 100 J'D 200 TH'OR L'G NGA'MUK! DF'TR DI bit.ly/3Uye6bV,1,games dpt promo free chip depo jd thor lg ngamuk dftr bitlyuyebv
24,MAM'PIR SK'RG JU'GA K MA'FIA CA'SH AD'A PR'OMO FR'EE CH'IP DE'PO 100 DPT 200 KA'KEK ZE'US L'G GA'COR B'GT DF'TR SK'RG bit.ly/3Y6MEV8,1,mampir k mafia cash promo free chip depo dpt kakek zeus lg banget dftr bitlyymev
25,MAM'PIR SK'RG JU'GA K MA'FIA CA'SH AD'A PR'OMO FR'EE CH'IP DE'PO 100 DPT 200 KA'KEK ZE'US L'G GA'COR B'GT DF'TR SK'RG bit.ly/3Y6MEV8,1,mampir k mafia cash promo free chip depo dpt kakek zeus lg banget dftr bitlyymev
26,MEM'CA'RI Y'G TR'BA'IK? MAM'PIR SK'RG K'E BO'OM'88 A'DA PRO'MO FR'EE CH'IP DE'PO 100 J'D 200 DF'TR SK'RG DI bit.ly/3fTJoLy,1,memcari baik mampir boom promo free chip depo jd dftr bitlyftjoly
27,Punya waktu luang tapi bingung cari cuan? Solusinya di AFAP0'KER cutt.ly/AF4P0-K3R yuk hubungi Customer Service nya skrg jg,1,luang bingung cari cuan solusi afapker cuttlyafpkr yuk hubung customer servis nya jg
28,imlek hoki bersama DMBET99 bit.do/Dm-B3t99 main super 10 hkbB4cc4r4thi-lo sbo Bol4 0n'line & slot games 0n'line Raih bonus langsung 40% cardgames,1,imlek hoki dmbet bitdodmbt main super hkbbccrthilo sbo bol nline slot games nline raih bonus langsung cardgames
29,Daftar di T3XA5PO-K3RCC bit.do/Texa5-Po-k3r Main SLOT GAMES bs dpt SPIN GRATIS. Ada jg Bol4 sboB4cc4ratmegawheel Bl4ckJ4ckP@-KER HKBCe'Me,1,daftar txapokrcc bitdotexapokr main slot games dpt spin gratis jg bol sbobccratmegawheel blckjckpker hkbceme
30,MEMBER YG TERPILIH SUDAH TERJAMIN JP & MENDAPATKAN MAXWIN DARI 1000 PESERTA. LANGSUNG DI PANTAU & KAWAL LANGSUNG SAMPE JP,1,member pilih jamin jp maxwin serta langsung pantau kawal langsung jp
31,"aku bisa bantu wd di situs aku kak dengan syarat setelah wd kamu berani ajak temen"" kamu maen di situs aku",1,bantu wd kak syarat wd berani ajak temen maen
32,Berani depo minimal 20rb aja ak bantu kknya maxwin 1juta skrg jga di game yang kk kuasai ak setting maxwin di bet 200 lngsung di buy freespin pertama ak berani jaminkan kemenangan 100% akun kamu di situs akuLINK : https://bit.ly/Linkgacorgressya,1,berani depo minimal bantu kknya maxwin jga game kk kuasa setting maxwin banget lngsung buy freespin berani jamin menang akun akulink
33,Hallo kak Aku ADELA dari HOT88 mau kasih info kalau nomor kaka mendapatkan ID MEMBER VIP dgn keuntungan nya.   LINK DAFTAR https://www.hot88.lol/register?ref=UABAAAA03D0,1,hallo kak adela hot kasih info nomor kaka id member vip dgn untung nya link daftar
34,Hallo kak aku ANGELLA dari situs BETA78 Selamat nomor kk terpilih mendapatkan ID MEMBER VVIP Link Resmi https://www.beta78.net/register?ref=ROGABBK07G1,1,hallo kak angella beta selamat nomor kk pilih id member vvip link resmi
35,SELAMAT KAMU TELAH TERPILIH MENJADI PESERTA EVENT HUJAN MAXWIN KAMU MENJADI MEMBER YG TERPILIH SUDAH TERJAMIN MAXWIN DARI 1000 PESERTA LINK: https://savageliga788.art/ ,1,selamat pilih serta event hujan maxwin member pilih jamin maxwin serta link
36,Transfer ke Rekening ini aja BANK BRI A/n ABBAS No Rek 5063-0103-2343-530,2,transfer rekening bank bri an abbas nomor rek
37, Info TerakhirKami Dr Keluarga BAIM PAULA Mengucapkan Slmt Anda Mdptkan Rp.50.000.000 Dengan Kode ID {VSG88D9} Info Lengkap Chat WhatsApp: +6282394972424,2,info terakhirkami dr keluarga baim paula selamat mdptkan rupiah kode id vsgd info lengkap chat whatsapp
38,SLAM-at No Anda terplih mraih Rp.175 jt PIN CK805KU INFO kunjungi  klik  bit.ly/inforesmi9,2,selamat nomor terplih mraih rupiah jt pin ckku info kunjung klik bitlyinforesmi
39,AYO IKUT INVESTAS1 TRADER FOREX 1jt Hasil 15jt 15jt Hasil 32jt 2jt Hasil 40jt 4jt Hasil 80jt 5jt Hasil 95jt Info klik http:bit.ly/traderOctaFx,2,ayo investas trader forex jt hasil jt jt hasil jt jt hasil jt jt hasil jt jt hasil jt info klik httpbitlytraderoctafx
40,**SELAMAT** No/wa Anda Meraih Cek 175jta Pin.(WHA012) Cek pin klik bit.ly/info-resmi3777,2,selamat nowa raih cek jta pinwha cek pin klik bitlyinforesmi
41,Ass... Bpk/Ibu Kmi Sampaikan bahwa Nmrnya Menang 50jt dri GIVE AWAY TRANS 7 PIN 4YH97U7 INFO Chat 082397117479,2,ass bpkibu kmi nomor menang jt dri give away trans pin yhu info chat
42,Bpk/Ibu... Kami menawarkan barang lelang yang tidak di tebus oleh pemiliknya. Original dan lengkap. Jika minat klik: http://bit.ly/Bumn-jkt,2,bpkibu tawar barang lelang tebus milik original lengkap minat klik
43,INFORMASI TRAKHIR !!! N.O.Anda dpt Rp.175.000.000 dri program GIVE AWAY KED4S B34UTY Kode pin ( CK805KU ) Silahkan cocokkan pin anda di  s.id/giveaway47,2,informasi trakhir noanda dpt rupiah dri program give away keds buty kode pin ckku silah cocok pin sidgiveaway
44,"Slamat''"" Anda Terpilih Mendapatkan Cek Tunai Program 2021 PIN (479kl278) Unrtuk info Verifikasi Klik: bit.ly/eraswasembadapt",2,selamat pilih cek tunai program pin kl unrtuk info verifikasi klik bitlyeraswasembadapt
45,Resmi dari PT.SHOPEE DAY 12.12 Anda mendapatkan cek tunai Rp.175jt Kode ID {d33c879} 1nfo Klik: bit.ly/gebyarsho-pee55,2,resmi ptshopee day cek tunai rpjt kode id dc nfo klik bitlygebyarshopee
46,N0.anda terpilih  m-dpatkan Rp.125jt  program tahunan  REJEKI SHOPEE 2020  Code ID (257A7G77)  U/ cara pengambilan klik bit.ly/infoundianhadiah,2,nanda pilih mdpatkan rpjt program tahun rejeki shopee code id ag ambil klik bitlyinfoundianhadiah
47,"Nasabah Yth"" Harap ke kantor Hari ini karena REKENING tabungan Anda ERROR & harus Dimonitor ulang. Sebelum Ke kantor harap hubungi WAWAN 081221188837 tks",2,nasabah hormat harap kantor rekening tabung error monitor ulang kantor harap hubung wawan terimakasih
48,kpada planggan yth  Slamat Anda trpilih sbgai pmenang undian LAZADA  dngan kodeID pin 47AAD57 U/info lnjut cek di www.program-lazada.gq,2,kpada planggan hormat selamat trpilih menang undi lazada dngan kodeid pin aad uinfo lnjut cek
49,Pelanggan 081224339626 Hari Ini Kamu Dapat +1000 Koin Pulsa & Paket Chat Sepuasnya. Koq Belum Diambil? Hub *500 *42 # dan Pilih 1 YA. Bisa Buat Tukar Pulsa!,2,langgan koin pulsa paket chat puas koq ambil hub pilih ya tukar pulsa
50,Pelanggan 081224339626 Hari Ini Kamu Dapat +1000 Koin Pulsa & Paket Chat Sepuasnya. Koq Belum Diambil? Hub *500 *42 # dan Pilih 1 YA. Bisa Buat Tukar Pulsa!,2,langgan koin pulsa paket chat puas koq ambil hub pilih ya tukar pulsa
51,Selamat Nomor 08122433! +1000 COIN PULSA Anda Baru Saja Masuk. SEGERA Ambil di *500*01# dan Tukar Jadi PULSA Sebelum Hangus!,2,selamat nomor coin pulsa masuk ambil tukar pulsa hangus
52,Selamat Nomor 08122433 +1000 COIN PULSA Kamu Baru Saja Masuk. SEGERA Ambil di *500*01# dan Tukar Jadi PULSA Sebelum Hangus! Nomor HP 081224339626 Selamat! Anda Dapat +2000 COIN PULSA.,2,selamat nomor coin pulsa masuk ambil tukar pulsa hangus nomor hp selamat coin pulsa
53,SEGERA Ambil di 500*75# dan Tukar Jadi PULSA Sebelum Hangus! Hubungi *500*75# dan Pilih 1 YA!,2,ambil tukar pulsa hangus hubung pilih ya
54,Selamat Nomor 081224339626! +1000 COINPULSA Anda Baru Saja Masuk. SEGERA Ambil di *500*70# Kumpul & Tukar Jd PULSA Sblm Hangus! Hub *500*70# & Pilih 1 YA!,2,selamat nomor coinpulsa masuk ambil kumpul tukar jd pulsa hangus hub pilih ya
55,Nomor 081224339626 Per Besok 23 Jul +1000 COIN PULSA Anda akan Hangus! SEGERA Ambil di *500*70# dan Tukar Jadi PULSA Hari Ini! Hub *500*70# dan Pilih 1 YA!,2,nomor besok jul coin pulsa hangus ambil tukar pulsa hub pilih ya
56,Selamat Nomor 081224339626! +1000 COIN PULSA Anda Baru Saja Masuk. SEGERA Ambil di *500*01# dan Tukar Jadi PULSA Sebelum Hangus!,2,selamat nomor coin pulsa masuk ambil tukar pulsa hangus
57,www.logiccodesoft.com Anda Memiliki +1000 COIN PULSA. SEGERA Ambil di *500*01# Kumpulkan dan Tukar Jadi PULSA Sebelum Hangus! Hubungi *500*01# dan Pilih 1 YA!,2,milik coin pulsa ambil kumpul tukar pulsa hangus hubung pilih ya
58,Sya TKW Dri Hongkong Terlilit Htang Di Bantu Oleh Kyai H.Yusuf Alhamdulillah Htang Sya Terlunasi Smua Melalui Dana G4iB WA: +6285757647277,2,tkw dri hongkong lilit htang bantu kyai hyusuf alhamdulillah htang lunas dana gib wa
59,sy di MALAYSIA butuh bantuan cik tuk bisa kutitipkan sementara h4rta sy tuk bekal h1dup di ind0klw cik orng jujur ini no wa sy +601164851897,2,malaysia butuh bantu cik tuk titip hrta tuk bekal hdup indklw cik orang jujur nomor wa
60,Kami tim (Bapau Family Official) Anda terpilih mendapat Rp.35jtChat admin GIVEAWAY langsung klik ikon WA:085231292599,2,tim bapau family official pilih rpjtchat admin giveaway langsung klik ikon wa
61,Lagi bete ama dia? Ayo main game dulu bit.ly/qqsutera Bonus hingga jutaan lho,1,bete ayo main game bitlyqqsutera bonus juta lho
62,Daftar segera dan jadilah pemenang di permainan Live D1ngd0ng Dragon Tiger serta togeI Sydney Singap0re Hongk0ng hanya di togeImandiri http://103.10.200.59,1,daftar menang main live dngdng dragon tiger toge sydney singapre hongkng togeimandiri
63,Ayok Bosqu bermain di web terhebat saat ini tayo4d.me dgn min dp hny 10rb. Turnover live games 0.5%. Kami tggu y bosque,1,ayok bosqu main hebat tayodme dgn min dp hny turnover live games tunggu y bosque
64,Main Domino QQ Texas pkr Ceme Big Two Blackjack & Joker Dealer dengan hp kesayangan anda di batikpker kapan saja dan dimana saja!! http://103.10.201.28/,1,main domino qq texas pkr ceme big two blackjack joker dealer hp sayang batikpker mana
65,Ayok Bosku bergabung di web terpercaya sekarang klik djarum4d.xyz dgn min dp hny 10rb. Turnover live games 0.5%. Kami tggu ya bosku,1,ayok bos gabung percaya klik djarumdxyz dgn min dp hny turnover live games tunggu ya bos
66,Raih Mega Jackpot hingga Rp 6.666.000 di Domino QQ Ceme & Ceme Fighter pada situs terpercaya GITARPker dengan link bebas nawala http://103.10.201.31/,1,raih mega jackpot rupiah domino qq ceme ceme fighter percaya gitarpker link bebas nawala
67,No: 47542  B0LA TANG.KAS TQG3L REBAT3 TINGGI Wasap: +855969172001 https://bit.ly/2HMqJhb,1,nomor bla tangkas tqgl rebat wasap
68,Hanya Ahabet Tersedia game paling lengkap ainkan TogeI ChinaCambodiaSydney Dingd0ng Sicbo Black Red 36D 24D & Domino QQ Di http://103.10.200.45/ ,1,ahabet sedia game lengkap ain toge chinacambodiasydney dingdng sicbo black red d d domino qq
69,Gabung ke T06ELMANDIRI[.]COM dgn komisi terbesar & hadiah bersaing Pasaran CambodiaSydneyChinaSingaporeTaiwanHongkong Daftar di http://103.10.200.59/,1,gabung telmandiricom dgn komisi besar hadiah saing pasar cambodiasydneychinasingaporetaiwanhongkong daftar
70,Daftar akun gratis Main permainan kartu ADU-Q Dapatkan Free Chips Giveaway Adu-Q Hingga 15jt di Jokerbet888 http://103.10.200.47 Min Dp 10rb Saja,1,daftar akun gratis main main kartu aduq dapat free chips giveaway aduq jt jokerbet min dp
71,Dapatkan hadiah x3000 di T093L Japan yang DIUNDI SETIAP HARI Hanya di Ahabet bit.ly/ahabet1 Tersedia juga T093L HongkongSydney dan PkerDominoCeme,1,dapat hadiah x tl japan undi ahabet bitlyahabet sedia tl hongkongsydney pkerdominoceme
72,Main jd b4nd4r di game Pker dealerceme! Daftar di Brovegas bit.ly/BroVegas Ada jg game PkerdominoaduQlive casino sicbolive 24ballT093L sydney dll,1,main jd bndr game pker dealerceme daftar brovegas bitlybrovegas jg game pkerdominoaduqlive casino sicbolive balltl sydney dll
73,Raih Jackpot hingga Rp 6.666.666- di DominoQQ ! Tersedia pker ceme D1N6D0NG Live 12Ball 48Ball Sicbo T09EL Taiwan dll. Batikpker bit.ly/Batikpker ,1,raih jackpot rupiah dominoqq sedia pker ceme dndng live ball ball sicbo tel taiwan dll batikpker bitlybatikpker
74,Min depo 10.000 anda telah dapat bermain permainan 70G3L ONLINE & LIVE C451N0 di sinartgl http://174.138.30.226 & ada juga bonus NEW MEMBER 5%. Segera Daftar!,1,min depo main main gl online live cn sinartgl bonus new member daftar
75,Cukup dgn min depo 10rb anda sudah dpat menikmati games terpopuler & pelayanan terbaik dari beberapa situs Jud! Online terpercaya ini! klik bd303.info,1,dgn min depo dpat nikmat games populer layan baik jud online percaya klik bdinfo
76,Bonus Cashback TO Casino sdh masuk id km! Mainkan & tingkatkan trs bettmu di Coloksgp! Makin menangmakin besar bonus mingguan km! Link: kilat.io/clksgp,1,bonus cashback casino masuk id km main tingkat bettmu coloksgp menangmakin bonus minggu km link kilatioclksgp
77,Coloksgp - Bonus rollingan & cashback casino sdh masuk id km ! Mainkan trs & perbesar bonusmu ditiap minggu ! Bareng kami pasti cuan banget ! Link: kilat.io/clk,1,coloksgp bonus rollingan cashback casino masuk id km main besar bonus tiap minggu bareng cuan banget link kilatioclk
78,Cek akun Coloksgp km skrg ! Bonus rollingan & cashback casino sdh masuk id km ! Tingkatkan terus permainanmu & perbesar bonus mingguan km ! Link: kilat.io/clk,1,cek akun coloksgp km bonus rollingan cashback casino masuk id km tingkat main besar bonus minggu km link kilatioclk
79,COLOKSGP - AKSES LINK TERBARU SUPAYA KAMU BISA JP DENGAN LANCAR WWW.COLOKSGP1.COM WWW.COLOKSGP.PRO Deposit Pakai QRIS cuma 1detik!,1,coloksgp akses link baru jp lancar deposit pakai qris detik
80,Nomor Anda Mendapatkan Hadiah dari Undian MKIOS Kode Pin anda (ijh76k79) Info klik. http://bit.ly/isiulang-mkios59,2,nomor hadiah undi mkios kode pin ijhk info klik
81,Ini nmor Reknya  8555-114-121Bank BCA A/n M. AGUS BUDIYANTO,2,nomor rek bank bca an m agus budiyanto
82,Pemberitahuan Terakhir LAZADA di sampaikan ke pada pemenang Anda M-dpkan CeK Tunai 175jt ID kode pemenang Anda (KBR99D7) Info lebih lengkap klik: www.hadiahundianlazada.ml,2,pemberitahuan lazada menang mdpkan cek tunai jt id kode menang kbrd info lengkap klik
83,Penyampaian Pesan Terakhir Resmi Dr LAZADA selamat T-pilih Pemenang M-dpt Cek Tunai Rp.175jt CODE ID-KBR99D7 Info Klik  www.hadiah2020.gq,2,sampai pesan resmi dr lazada selamat tpilih menang mdpt cek tunai rpjt code idkbrd info klik
84,promo undian lazada 2020 Slamat No.anda resmi M-dapatkan hadiah ke-2 Rp.175jt dari lazada ID pemenang (JK25FG7) U/info hadiah klik: bit.ly/pt-lazadaid83,2,promo undi lazada selamat noanda resmi mdapatkan hadiah rpjt lazada id menang jkfg uinfo hadiah klik bitlyptlazadaid
85,Surat keputusan resmi Selamat Nomor simcard Anda telah trpilih Mendapatkan Hadiah Dari SHOPEE Dengan Kode PIN Pemenang (AD25M47) U/Info Lebih Lanjut Klik Di: bit.ly/hadiahptshopee,2,surat putus resmi selamat nomor simcard trpilih hadiah shopee kode pin menang adm uinfo klik bitlyhadiahptshopee
86,PESAN RESMI DARI LAZADA No Anda Terpilih Sebagai Pemenang Undian dengan PIN:(RF755D9) U/INFO silahkan Verifikasi PIN Anda di https://bit.ly/undianlazada57,2,pesan resmi lazada nomor pilih menang undi pinrfd uinfo silah verifikasi pin
87,SIMCARD ANDA  terpilih sebagai pemenang SHOPEE INDONESIA senilai Rp125juta kode pin anda (AAQ2099) Info lanjut klik: bit.ly/hadiah-shopee17,2,simcard pilih menang shopee indonesia nila rpjuta kode pin aaq info klik bitlyhadiahshopee
88,Pelanggan 0812243396 +1000 COIN PULSA mu Belum Diambil? Hub *500*42# utk Ambil. Bisa Ditukar Pulsa Jangan Sampai Hangus. Hub *500*42# Sekarang.,2,langgan coin pulsa mu ambil hub ambil tukar pulsa hangus hub
89, nomor Anda Terpilih Sebagai Pemenang Hadiah Dari PT.LAZADA  dengan KODE ID:RF755D9 silahkan Verifikasi ID Anda di web kami: bit.ly/undianlazada67,2,nomor pilih menang hadiah ptlazada kode idrfd silah verifikasi id bitlyundianlazada
90,Pesan Pemberitahuan Resmi Slmt Anda T-Pilih Mdptkan Uang Tunai Rp175000000 Dr Program Lazada Kode ID_VSG88D9 U/info Klik www.infopemenanglazada.gq,2,pesan pemberitahuan resmi selamat tpilih mdptkan uang tunai rupiah dr program lazada kode id vsgd uinfo klik
91,kpd yth bpk/ibu Anda Terpilih Menjadi Pemenang Ke-2 Cek senilai 175jt Dengan Kode Pin:25F4777 U/info Klik Di: s.id/shopeeid243,2,kpd hormat bpkibu pilih menang cek nila jt kode pinf uinfo klik sidshopeeid
92,Selamat no Anda trpilih Mndapatkan Hadiah dri PT.PERTAMINA persero Dng Kode PIN {DD34A27} U/Info cek Langgsung di: http://bit.ly/info-pertamina55,2,selamat nomor trpilih mndapatkan hadiah dri ptpertamina persero dng kode pin dda uinfo cek langgsung
93,INFO RESMI..!!! Selamat No anda Terpilih sebagai pemenang Dari undian PT.PERTAMINA DGN KODE ID PIN:(27MUA59) info resmi cek hadiah anda di: www.linkpertamina.cf,2,info resmi selamat nomor pilih menang undi ptpertamina dgn kode id pinmua info resmi cek hadiah
94, maaf sya kabari lwt sms klw kontrknnya msh dilnjut pembyranya lwt adik sya pak zainul no/wa 082213751167 karna sdh dipndah tangkan sma dia,2,maaf kabar lwt sms klw kontrknnya dilnjut pembyranya lwt adik zainul nowa karna dipndah tang sma
95,Anda resmi dpt 100jt Dari TSEL Kode ID (257r477) klik link  bit.ly/67-telkomsel,2,resmi dpt jt tsel kode id r klik link bitlytelkomsel
96,717747 info Resmi WA 0822-5017-0675Buka :s.id/pertamina-elite011,2,info resmi wa buka sidpertaminaelite
97,Nomor Anda Terpilih penerima Subsidi PERTAMINA Rp.189.000.000 PIN PEMEN4NG  FF1178A lnfo Wshp  085250805577 Buka  s.id/pertamina-berkah-energi,2,nomor pilih terima subsidi pertamina rupiah pin pemenng ffa lnfo wshp buka sidpertaminaberkahenergi
98,Berkah subsidi pemerintah Rp.189.000.000 PIN PEMEN4NG:717747 INFO WA:0852-1527-4613 verifikasi kode:717747 s.id/my-pertamina6,2,berkah subsidi perintah rupiah pin pemenng info wa verifikasi kode sidmypertamina
99,Anda terima Berkah SUBS1DI PemerintahRp.189.000.000 Pin  717747 Wa 083862093679 BUKA bit.ly/pertamina-99,2,terima berkah subsdi pemerintahrp pin wa buka bitlypertamina
100,Untuk kegiatan hari ini boleh untuk bikin postingan Ig lumayan. Kaya konten jedag jedug juga boleh wkwkwkwkwk,0,giat bikin postingan ig lumayan kaya konten jedag jedug wkwkwkwkwk
101,Assalamualaikum Kak sorry ganggu malem2 gini. Ini penasaran aja sih . Gabut mau coba baca ulang buku di rak ini,0,assalamualaikum kak sorry ganggu malem gin penasaran sih gabut coba baca ulang buku rak
102,siang deh aku pagi masi ada kelas,0,siang deh pagi kelas
103,Belum ih loading wae kalo masih eror rk ka bank,0,ih loading kalo eror rk ka bank
104,Ikutan TOEPL? Share ke grup mna?,0,ikut toepl share grup
105,Alhamdulillah aku berapa ya,0,alhamdulillah ya
106,Coba jelaskan bagaimana diriku bisa membantu dari sini dengan hal itu?,0,coba diri bantu
107,Akuma gapikir panjang kalo ada org aneh2 chat ke aku langsung aku apusin chatnya,0,akuma gapikir kalo orang aneh chat langsung apusin chatnya
108,"jgn lupa ""we all bad in someone else's story""",0,jgn lupa we all bad in someone elses story
109,Soalnya malem enak buat istirahat aja,0,malem enak istirahat
110,Langsung bagi bagi aja ya sa pekerjaanya biar enak di zoom? Dari yg diatas itu?,0,langsung ya sa pekerjaanya biar enak zoom atas
111,Laporan akhir udh dicicil ya selanjutnya mau ngerjain apa ?,0,lapor cicil ya
112,ges ini tulisannya aku masih ngasal ya kalo ada yg lain ganti aja,0,ges tulis ngasal ya kalo ganti
113,Mungkin ini bisa membantu ada bagian 1 s.d 3 dari pembuatan tampilan aplikasi nya hingga mendeploy nya,0,bantu sd buat tampil aplikasi nya mendeploy nya
114,boleh minta email ga gais?,0,email ga gais
115,Gua ngajuin diri bikin laporan ges tapi gua tetep bantuin kalo modeling butih bantuan,0,gua ngajuin bikin lapor ges gua bantuin kalo modeling butih bantu
116,Masing masing 25 nih bilangnya gpp ges,0,nih bilang gpp ges
117,kesimpulan digabung sama yg baca terakhir nanti aja yaa,0,simpul gabung baca yaa
118,Ohh jelasin kaya ini tuh jenis jerawat ini gitu ya,0,ohh jelasin kaya tuh jenis jerawat gitu ya
119,Entar untuk presentasi nya jelasin nya bagaimana ya?,0,entar presentasi nya jelasin nya ya
120,Anyway yg divisi C cek grup yaa,0,anyway divisi c cek grup yaa
121,di coloumn sebelahnya ada namanya ya,0,coloumn belah nama ya
122,yang kebagiannya dospem nasional missal pak K ada kontaknya di atas yaaa,0,bagi dospem nasional missal k kontak yaaa
123,ges oke ga pembagiannya khususnya untuk yg bu A dan bu B karena yang pak C dan bu D itu udah menghubungi sebelumnya,0,ges oke ga bagi bu a bu bb c bu d hubung
124,berarti itu ga sesuai nama dospem yang di gsheet ya kaliannya?,0,ga sesuai nama dospem gsheet ya kalian
125,Bakar bakar sampah,0,bakar bakar sampah
126,Insyaallah mas isukan Bade kaditu,0,insyaallah mas isu bade kaditu
127,Ehh ya allah baru keliatan bisa langsung di loket nya tinggal bawa ktp aja nanti,0,ehh ya allah liat langsung loket nya tinggal bawa ktp
128,Sip atuh hampura urg kara rek balik,0,sip atuh hampura urg kara rek
129,Jika membutuhkan panduan format proposal KP dsb ada di link,0,butuh pandu format proposal kp dsb link
130,Assalamualaikum warahmatullahi wabarakatuh pak selamat siang saya ijin bertanya pak apakah hari ini bapak sedang di kampus pak?,0,assalamualaikum warahmatullahi wabarakatuh selamat siang ijin kampus
131,definisi prestasi akademik cuma juara 12 dan 3. peserta tidak termasuk,0,definisi prestasi akademik juara serta
132,waalaikum salam ke prodi hanya kirim laporan yg kalian laporkan ke tempat mbkm magang mandirinya buat proposalnya dlu nanti akan dibahas oleh pembimbing,0,waalaikum salam prodi kirim lapor lapor mbkm magang mandiri proposal dlu bahas bimbing
133,wa call amak n bp tp no answer kenapa???,0,wa telepon amak n bp nomor answer
134,Assalamualaikum kak kak bisa ngisi ulang galon sekarang?,0,assalamualaikum kak kak isi ulang galon
135,Pagi Ka saya dari Depot Malik H2O hari ini depot sudah  buka seperti biasa dan pesanan air sudah bisa dianter mks,0,pagi ka depot malik ho depot buka pesan air anter terimakasih
136,Lain jul Teu gableg duit ayena Moal daek nyaleg matak eedanan ngudag warisan,0,jul gableg duit ayena moal daek nyaleg matak eedanan ngudag waris
137,Enya kitu nyaleg Ada engga bahela basa cair duit proyek nyaleg mah ngan teu menang belegug,0,enya kitu nyaleg engga bahela basa cair duit proyek nyaleg mah ngan menang belegug
138,ai maneh ngarti jieun laporanna ku maneh kongkalikong sama yang lain jangan di masukin,0,ai maneh erti jieun laporanna ku maneh kongkalikong masukin
139,Terus untuk si mah ti mimiti ti bulan Agustus Logbook na,0,si mah ti mimiti ti agustus logbook na
140,Apa kita nanya ke dia kali ya mungkin dia paham bikin projek Computer vision,0,kali ya paham bikin projek computer vision
141,Bab 1 udah selesai mad kata pengantar aku udah tambahin terus bab 2 udah bab 3 baru latar belakang proyek akhir. Untuk bab 3 yang lainnya dan bab 4 penutup itu nanti pas terakhiran aja,0,bab selesai mad antar tambahin bab bab latar proyek bab bab tutup pas akhir
142,Mad ini aku di perjalanan pulang nanti kalo udah sampai di kosan aku langsung kerjain laporannya,0,mad jalan pulang kalo kosan langsung kerjain lapor
143,Nah boleh kaya ke coach Elly terus pihak orbit pihak msib terus jangan lupa pihak kampus sih menurut aku mah,0,kaya coach elly orbit msib lupa kampus sih mah
144,Atau cara manual bang ttd dulu di HVS kosong nanti tempeling dulu ke word langsung copy paste ke link Google docs,0,manual bang tanda tangan hvs kosong tempeling word langsung copy paste link google docs
145,Aku mah pertama ke draw nah itu ada kaya berbentuk spidol gitu,0,mah draw kaya bentuk spidol gitu
146,Atau cara manual bang ttd dulu di HVS kosong nanti tempeling dulu ke word langsung copy paste ke link Google docs,0,manual bang tanda tangan hvs kosong tempeling word langsung copy paste link google docs
147,Kalo abstrak mending nanti setelah semua selesai kata aku mah kata pengantar dulu aja Giman?,0,kalo abstrak mending selesai mah antar gim
148,Tuliskan rasa terimakasih kepada siapa saja yang terkait dengan MSIB ini,0,tulis terimakasih kait msib
149,Mad ane dapet refrensi untuk laporan akhir yang udah jadi,0,mad dapet refrensi lapor
