teks;label
J0K3RNET88 situs cardgames hkbgaming SB0 live Din6'DonG 36D T0~G3l Sydney & Hongkong serta Slot'games terlengkap. Gabung skrg juga! bit.ly/J0K3RN3T88;1
Situs betting On'line JOK3RB3T888 terbaik yang menyediakan jackpot terbesar hingga ratusan juta rupiah setiap harinya segera daftar di bit.ly/J0K3RBET888;1
Situs betting On'line JOK3RB3T888 terbaik yang menyediakan jackpot terbesar hingga ratusan juta rupiah setiap harinya segera daftar di bit.ly/J0K3RBET888;1
Menang jutaan di Sakon6 On'Line Main juga D1nG'D0nG Live sbo T0'GeL japan SlotGam3s Ce'Me On'Line 8080Sp0rt cutt.ly/8080Sp0r7 Daftar & Dapatkan Jackpot!;1
Mainkan To~gel cambodiaSlot'games On-line live D1N9-D0N9 Sa'kong hkb adu q sportSbook C4-S1-N0Bo'la tangkas di situs T0~93LMANDIRI s.id/T9LM4ND1RI;1
JayaPo'ker bit.ly/J4Y4P-k3r  B4nd4r To~gel 0n-line cambodiasydney china japan singapore hongkong DISKON TERBESAR 65%. Mainkan jg Domino & D1nG-DonG HKB;1
Bnyk promo main cardgames HKB SL0T-GAM3S terlengkap. Ada jg D1NG-D0NG T0-93L Sydney B0-L4 & C4-S1N0 SB0. Yuk d4ft4r P-K3RBOYA  bit.ly/P-K3Rboya;1
Daftar & main cardgames Domino Ce-Me online slots Ding-Dong HKBTo-GeL sydneySBO C4S1N0 sportsbook di BROVEGAS bit.ly/BR0VE64S raih jackpot setiap hari;1
Hanya 1 UserID main To-GeL CambodiaDing-Dong HKBDomino P-ker HKBSlot-Games C4S1N0 & Bol4 online SBOBET. Gabung di HORAS-P-KER bit.ly/HorasPk3r;1
Mainkan games terlengkap di INDOT093L bit.ly/IndoTgl Live casinosportsbookomaha PkerC3M3Slot games Live 48ball & T093L hongkong. Daftar Skrng juga !;1
Dpt jutaan rupiah setiap hari di JayaPK3r bit.ly/J4y4pK3r  main slotgamePk3rC3M3live36D T093L hongkongsbobetlive casino. 10rb saja sudah bisa main!;1
Bonus referral Big Two p0ker & Domino QQ hingga 12% dan Live Dingdong 36D p0ker Dice 01%. nikmati juga diskon T0GeL SD & HK hingga 65% di bit.ly/8080Sport;1
Berapapun Kemenangan Anda akan di Bayar di INDOT0GEL http://103.10.201.23 / Daftar dan Gabung sekarang juga di Permainan T0gel Sydney Singapore & Hongkong;1
Kemenangan Besar Menanti Anda di RGOPOKER http://103.10.200.52 / tersedia Domino-QQ Poker Big-Two Bola-Tangkas Poker-Dealer Black-Jack & Ceme-Fighter;1
Bingung cari BO terpercaya? yuk gabung di jayapoker http://103.10.200.41 Nikmati Serunya permainan kartu yang menarik yaitu : Ceme  Texaspoker dan Domino QQ;1
Ayo main TO63L HongkongSlot-GamesDo-mi-no P0-K3R hkb Ceme hkbDin6Dong 48D36D12Dsbo C4SINO & Bola di situs resmi EY4NGP@KER cutt.ly/Eyan9po-ker;1
A'YO K'E SO'NIC88 DP'T K'AN PRO'MO FR'EE CH'IP DE'PO 100 MELEDAK J'D 200 DP'T'KAN I'D MAX'WIN SK'RG DF'TR SK'RG bit.ly/3Uye6bV;1
15209763.net Hnya dsni kmu dpt prmo 100% cukup isi 30K;1
ay'o ma'in d EV'O'88 dp'tk'n I'D VIP AN'TI RU'NG'KAT EX'TR'A DE'PO 100% DE'P'O 1'00 J'D 2'00 df'tr sk'rg j'g d'i biturl.org/mO6Jjl Cla'im k'e C'S y'a;1
PO'WE'R 77 WE'B TE'R'GA'COR DP'T K'AN I'D PO'WER'77 I'D V'IP W'R 9'8 DE'PO 100 J'D 200 DF'TR SK'RG prourl.co/WqFBR8;1
A'YO MA'IN D'I MA'FIA'CA'SH A'DA PR'MO FR'EE CH'IP DE'PO 100 J'D 200 ZE'US L'G GA'COR! MA'IN SK'RG DF'TR D s.id/1DSdZ;1
I'D Anti RUNG''K4TZ Pasti Dapat P3R'K4L14N B3'S$R. BONUS S/D 200rb Hanya min.isi 30rb. Klik Utk I'D SP3'S1$L V!P: https://cutt.ly/E2F7nVz https://is.gd/vLVSDh;1
QQ39BET - Situs S L O T PRAGMATIC Mudah JP & RTP Tinggi 96% Bonus Mix Parlay 50jt Lucky Tiket 39jt. Daftar: bit.ly/qq39betslot;1
Se'Mua GA'MES GA'COR... DP'T K'AN PRO'MO FR'EE CH'IP SK'RG DE'PO 100 J'D 200 TH'OR L'G NGA'MUK! DF'TR DI bit.ly/3Uye6bV;1
MAM'PIR SK'RG JU'GA K MA'FIA CA'SH AD'A PR'OMO FR'EE CH'IP DE'PO 100 DPT 200 KA'KEK ZE'US L'G GA'COR B'GT DF'TR SK'RG bit.ly/3Y6MEV8;1
MAM'PIR SK'RG JU'GA K MA'FIA CA'SH AD'A PR'OMO FR'EE CH'IP DE'PO 100 DPT 200 KA'KEK ZE'US L'G GA'COR B'GT DF'TR SK'RG bit.ly/3Y6MEV8;1
MEM'CA'RI Y'G TR'BA'IK? MAM'PIR SK'RG K'E BO'OM'88 A'DA PRO'MO FR'EE CH'IP DE'PO 100 J'D 200 DF'TR SK'RG DI bit.ly/3fTJoLy;1
Punya waktu luang tapi bingung cari cuan? Solusinya di AFAP0'KER cutt.ly/AF4P0-K3R yuk hubungi Customer Service nya skrg jg;1
imlek hoki bersama DMBET99 bit.do/Dm-B3t99 main super 10 hkbB4cc4r4thi-lo sbo Bol4 0n'line & slot games 0n'line Raih bonus langsung 40% cardgames;1
Daftar di T3XA5PO-K3RCC bit.do/Texa5-Po-k3r Main SLOT GAMES bs dpt SPIN GRATIS. Ada jg Bol4 sboB4cc4ratmegawheel Bl4ckJ4ckP@-KER HKBCe'Me;1
MEMBER YG TERPILIH SUDAH TERJAMIN JP & MENDAPATKAN MAXWIN DARI 1000 PESERTA. LANGSUNG DI PANTAU & KAWAL LANGSUNG SAMPE JP;1
"aku bisa bantu wd di situs aku kak dengan syarat setelah wd kamu berani ajak temen"" kamu maen di situs aku";1
Berani depo minimal 20rb aja ak bantu kknya maxwin 1juta skrg jga di game yang kk kuasai ak setting maxwin di bet 200 lngsung di buy freespin pertama ak berani jaminkan kemenangan 100% akun kamu di situs akuLINK : https://bit.ly/Linkgacorgressya;1
Hallo kak Aku ADELA dari HOT88 mau kasih info kalau nomor kaka mendapatkan ID MEMBER VIP dgn keuntungan nya.   LINK DAFTAR https://www.hot88.lol/register?ref=UABAAAA03D0;1
Hallo kak aku ANGELLA dari situs BETA78 Selamat nomor kk terpilih mendapatkan ID MEMBER VVIP Link Resmi https://www.beta78.net/register?ref=ROGABBK07G1;1
SELAMAT KAMU TELAH TERPILIH MENJADI PESERTA EVENT HUJAN MAXWIN KAMU MENJADI MEMBER YG TERPILIH SUDAH TERJAMIN MAXWIN DARI 1000 PESERTA LINK: https://savageliga788.art/ ;1
Transfer ke Rekening ini aja BANK BRI A/n ABBAS No Rek 5063-0103-2343-530;2
 Info TerakhirKami Dr Keluarga BAIM PAULA Mengucapkan Slmt Anda Mdptkan Rp.50.000.000 Dengan Kode ID {VSG88D9} Info Lengkap Chat WhatsApp: +6282394972424;2
SLAM-at No Anda terplih mraih Rp.175 jt PIN CK805KU INFO kunjungi  klik  bit.ly/inforesmi9;2
AYO IKUT INVESTAS1 TRADER FOREX 1jt Hasil 15jt 15jt Hasil 32jt 2jt Hasil 40jt 4jt Hasil 80jt 5jt Hasil 95jt Info klik http:bit.ly/traderOctaFx;2
**SELAMAT** No/wa Anda Meraih Cek 175jta Pin.(WHA012) Cek pin klik bit.ly/info-resmi3777;2
Ass... Bpk/Ibu Kmi Sampaikan bahwa Nmrnya Menang 50jt dri GIVE AWAY TRANS 7 PIN 4YH97U7 INFO Chat 082397117479;2
Bpk/Ibu... Kami menawarkan barang lelang yang tidak di tebus oleh pemiliknya. Original dan lengkap. Jika minat klik: http://bit.ly/Bumn-jkt;2
INFORMASI TRAKHIR !!! N.O.Anda dpt Rp.175.000.000 dri program GIVE AWAY KED4S B34UTY Kode pin ( CK805KU ) Silahkan cocokkan pin anda di  s.id/giveaway47;2
"Slamat''"" Anda Terpilih Mendapatkan Cek Tunai Program 2021 PIN (479kl278) Unrtuk info Verifikasi Klik: bit.ly/eraswasembadapt";2
Resmi dari PT.SHOPEE DAY 12.12 Anda mendapatkan cek tunai Rp.175jt Kode ID {d33c879} 1nfo Klik: bit.ly/gebyarsho-pee55;2
N0.anda terpilih  m-dpatkan Rp.125jt  program tahunan  REJEKI SHOPEE 2020  Code ID (257A7G77)  U/ cara pengambilan klik bit.ly/infoundianhadiah;2
"Nasabah Yth"" Harap ke kantor Hari ini karena REKENING tabungan Anda ERROR & harus Dimonitor ulang. Sebelum Ke kantor harap hubungi WAWAN 081221188837 tks";2
kpada planggan yth  Slamat Anda trpilih sbgai pmenang undian LAZADA  dngan kodeID pin 47AAD57 U/info lnjut cek di www.program-lazada.gq;2
Pelanggan 081224339626 Hari Ini Kamu Dapat +1000 Koin Pulsa & Paket Chat Sepuasnya. Koq Belum Diambil? Hub *500 *42 # dan Pilih 1 YA. Bisa Buat Tukar Pulsa!;2
Pelanggan 081224339626 Hari Ini Kamu Dapat +1000 Koin Pulsa & Paket Chat Sepuasnya. Koq Belum Diambil? Hub *500 *42 # dan Pilih 1 YA. Bisa Buat Tukar Pulsa!;2
Selamat Nomor 08122433! +1000 COIN PULSA Anda Baru Saja Masuk. SEGERA Ambil di *500*01# dan Tukar Jadi PULSA Sebelum Hangus!;2
Selamat Nomor 08122433 +1000 COIN PULSA Kamu Baru Saja Masuk. SEGERA Ambil di *500*01# dan Tukar Jadi PULSA Sebelum Hangus! Nomor HP 081224339626 Selamat! Anda Dapat +2000 COIN PULSA.;2
SEGERA Ambil di 500*75# dan Tukar Jadi PULSA Sebelum Hangus! Hubungi *500*75# dan Pilih 1 YA!;2
Selamat Nomor 081224339626! +1000 COINPULSA Anda Baru Saja Masuk. SEGERA Ambil di *500*70# Kumpul & Tukar Jd PULSA Sblm Hangus! Hub *500*70# & Pilih 1 YA!;2
Nomor 081224339626 Per Besok 23 Jul +1000 COIN PULSA Anda akan Hangus! SEGERA Ambil di *500*70# dan Tukar Jadi PULSA Hari Ini! Hub *500*70# dan Pilih 1 YA!;2
Selamat Nomor 081224339626! +1000 COIN PULSA Anda Baru Saja Masuk. SEGERA Ambil di *500*01# dan Tukar Jadi PULSA Sebelum Hangus!;2
www.logiccodesoft.com Anda Memiliki +1000 COIN PULSA. SEGERA Ambil di *500*01# Kumpulkan dan Tukar Jadi PULSA Sebelum Hangus! Hubungi *500*01# dan Pilih 1 YA!;2
Sya TKW Dri Hongkong Terlilit Htang Di Bantu Oleh Kyai H.Yusuf Alhamdulillah Htang Sya Terlunasi Smua Melalui Dana G4iB WA: +6285757647277;2
sy di MALAYSIA butuh bantuan cik tuk bisa kutitipkan sementara h4rta sy tuk bekal h1dup di ind0klw cik orng jujur ini no wa sy +601164851897;2
Kami tim (Bapau Family Official) Anda terpilih mendapat Rp.35jtChat admin GIVEAWAY langsung klik ikon WA:085231292599;2
Lagi bete ama dia? Ayo main game dulu bit.ly/qqsutera Bonus hingga jutaan lho;1
Daftar segera dan jadilah pemenang di permainan Live D1ngd0ng Dragon Tiger serta togeI Sydney Singap0re Hongk0ng hanya di togeImandiri http://103.10.200.59;1
Ayok Bosqu bermain di web terhebat saat ini tayo4d.me dgn min dp hny 10rb. Turnover live games 0.5%. Kami tggu y bosque;1
Main Domino QQ Texas pkr Ceme Big Two Blackjack & Joker Dealer dengan hp kesayangan anda di batikpker kapan saja dan dimana saja!! http://103.10.201.28/;1
Ayok Bosku bergabung di web terpercaya sekarang klik djarum4d.xyz dgn min dp hny 10rb. Turnover live games 0.5%. Kami tggu ya bosku;1
Raih Mega Jackpot hingga Rp 6.666.000 di Domino QQ Ceme & Ceme Fighter pada situs terpercaya GITARPker dengan link bebas nawala http://103.10.201.31/;1
No: 47542  B0LA TANG.KAS TQG3L REBAT3 TINGGI Wasap: +855969172001 https://bit.ly/2HMqJhb;1
Hanya Ahabet Tersedia game paling lengkap ainkan TogeI ChinaCambodiaSydney Dingd0ng Sicbo Black Red 36D 24D & Domino QQ Di http://103.10.200.45/ ;1
Gabung ke T06ELMANDIRI[.]COM dgn komisi terbesar & hadiah bersaing Pasaran CambodiaSydneyChinaSingaporeTaiwanHongkong Daftar di http://103.10.200.59/;1
Daftar akun gratis Main permainan kartu ADU-Q Dapatkan Free Chips Giveaway Adu-Q Hingga 15jt di Jokerbet888 http://103.10.200.47 Min Dp 10rb Saja;1
Dapatkan hadiah x3000 di T093L Japan yang DIUNDI SETIAP HARI Hanya di Ahabet bit.ly/ahabet1 Tersedia juga T093L HongkongSydney dan PkerDominoCeme;1
Main jd b4nd4r di game Pker dealerceme! Daftar di Brovegas bit.ly/BroVegas Ada jg game PkerdominoaduQlive casino sicbolive 24ballT093L sydney dll;1
Raih Jackpot hingga Rp 6.666.666- di DominoQQ ! Tersedia pker ceme D1N6D0NG Live 12Ball 48Ball Sicbo T09EL Taiwan dll. Batikpker bit.ly/Batikpker ;1
Min depo 10.000 anda telah dapat bermain permainan 70G3L ONLINE & LIVE C451N0 di sinartgl http://174.138.30.226 & ada juga bonus NEW MEMBER 5%. Segera Daftar!;1
Cukup dgn min depo 10rb anda sudah dpat menikmati games terpopuler & pelayanan terbaik dari beberapa situs Jud! Online terpercaya ini! klik bd303.info;1
Bonus Cashback TO Casino sdh masuk id km! Mainkan & tingkatkan trs bettmu di Coloksgp! Makin menangmakin besar bonus mingguan km! Link: kilat.io/clksgp;1
Coloksgp - Bonus rollingan & cashback casino sdh masuk id km ! Mainkan trs & perbesar bonusmu ditiap minggu ! Bareng kami pasti cuan banget ! Link: kilat.io/clk;1
Cek akun Coloksgp km skrg ! Bonus rollingan & cashback casino sdh masuk id km ! Tingkatkan terus permainanmu & perbesar bonus mingguan km ! Link: kilat.io/clk;1
COLOKSGP - AKSES LINK TERBARU SUPAYA KAMU BISA JP DENGAN LANCAR WWW.COLOKSGP1.COM WWW.COLOKSGP.PRO Deposit Pakai QRIS cuma 1detik!;1
Nomor Anda Mendapatkan Hadiah dari Undian MKIOS Kode Pin anda (ijh76k79) Info klik. http://bit.ly/isiulang-mkios59;2
Ini nmor Reknya  8555-114-121Bank BCA A/n M. AGUS BUDIYANTO;2
Pemberitahuan Terakhir LAZADA di sampaikan ke pada pemenang Anda M-dpkan CeK Tunai 175jt ID kode pemenang Anda (KBR99D7) Info lebih lengkap klik: www.hadiahundianlazada.ml;2
Penyampaian Pesan Terakhir Resmi Dr LAZADA selamat T-pilih Pemenang M-dpt Cek Tunai Rp.175jt CODE ID-KBR99D7 Info Klik  www.hadiah2020.gq;2
promo undian lazada 2020 Slamat No.anda resmi M-dapatkan hadiah ke-2 Rp.175jt dari lazada ID pemenang (JK25FG7) U/info hadiah klik: bit.ly/pt-lazadaid83;2
Surat keputusan resmi Selamat Nomor simcard Anda telah trpilih Mendapatkan Hadiah Dari SHOPEE Dengan Kode PIN Pemenang (AD25M47) U/Info Lebih Lanjut Klik Di: bit.ly/hadiahptshopee;2
PESAN RESMI DARI LAZADA No Anda Terpilih Sebagai Pemenang Undian dengan PIN:(RF755D9) U/INFO silahkan Verifikasi PIN Anda di https://bit.ly/undianlazada57;2
SIMCARD ANDA  terpilih sebagai pemenang SHOPEE INDONESIA senilai Rp125juta kode pin anda (AAQ2099) Info lanjut klik: bit.ly/hadiah-shopee17;2
Pelanggan 0812243396 +1000 COIN PULSA mu Belum Diambil? Hub *500*42# utk Ambil. Bisa Ditukar Pulsa Jangan Sampai Hangus. Hub *500*42# Sekarang.;2
 nomor Anda Terpilih Sebagai Pemenang Hadiah Dari PT.LAZADA  dengan KODE ID:RF755D9 silahkan Verifikasi ID Anda di web kami: bit.ly/undianlazada67;2
Pesan Pemberitahuan Resmi Slmt Anda T-Pilih Mdptkan Uang Tunai Rp175000000 Dr Program Lazada Kode ID_VSG88D9 U/info Klik www.infopemenanglazada.gq;2
kpd yth bpk/ibu Anda Terpilih Menjadi Pemenang Ke-2 Cek senilai 175jt Dengan Kode Pin:25F4777 U/info Klik Di: s.id/shopeeid243;2
Selamat no Anda trpilih Mndapatkan Hadiah dri PT.PERTAMINA persero Dng Kode PIN {DD34A27} U/Info cek Langgsung di: http://bit.ly/info-pertamina55;2
INFO RESMI..!!! Selamat No anda Terpilih sebagai pemenang Dari undian PT.PERTAMINA DGN KODE ID PIN:(27MUA59) info resmi cek hadiah anda di: www.linkpertamina.cf;2
 maaf sya kabari lwt sms klw kontrknnya msh dilnjut pembyranya lwt adik sya pak zainul no/wa 082213751167 karna sdh dipndah tangkan sma dia;2
Anda resmi dpt 100jt Dari TSEL Kode ID (257r477) klik link  bit.ly/67-telkomsel;2
717747 info Resmi WA 0822-5017-0675Buka :s.id/pertamina-elite011;2
Nomor Anda Terpilih penerima Subsidi PERTAMINA Rp.189.000.000 PIN PEMEN4NG  FF1178A lnfo Wshp  085250805577 Buka  s.id/pertamina-berkah-energi;2
Berkah subsidi pemerintah Rp.189.000.000 PIN PEMEN4NG:717747 INFO WA:0852-1527-4613 verifikasi kode:717747 s.id/my-pertamina6;2
Anda terima Berkah SUBS1DI PemerintahRp.189.000.000 Pin  717747 Wa 083862093679 BUKA bit.ly/pertamina-99;2
Untuk kegiatan hari ini boleh untuk bikin postingan Ig lumayan. Kaya konten jedag jedug juga boleh wkwkwkwkwk;0
Assalamualaikum Kak sorry ganggu malem2 gini. Ini penasaran aja sih . Gabut mau coba baca ulang buku di rak ini;0
siang deh aku pagi masi ada kelas;0
Belum ih loading wae kalo masih eror rk ka bank;0
Ikutan TOEPL? Share ke grup mna?;0
Alhamdulillah aku berapa ya;0
Coba jelaskan bagaimana diriku bisa membantu dari sini dengan hal itu?;0
Akuma gapikir panjang kalo ada org aneh2 chat ke aku langsung aku apusin chatnya;0
"jgn lupa ""we all bad in someone else's story""";0
Soalnya malem enak buat istirahat aja;0
Langsung bagi bagi aja ya sa pekerjaanya biar enak di zoom? Dari yg diatas itu?;0
Laporan akhir udh dicicil ya selanjutnya mau ngerjain apa ?;0
ges ini tulisannya aku masih ngasal ya kalo ada yg lain ganti aja;0
Mungkin ini bisa membantu ada bagian 1 s.d 3 dari pembuatan tampilan aplikasi nya hingga mendeploy nya;0
boleh minta email ga gais?;0
Gua ngajuin diri bikin laporan ges tapi gua tetep bantuin kalo modeling butih bantuan;0
Masing masing 25 nih bilangnya gpp ges;0
kesimpulan digabung sama yg baca terakhir nanti aja yaa;0
Ohh jelasin kaya ini tuh jenis jerawat ini gitu ya;0
Entar untuk presentasi nya jelasin nya bagaimana ya?;0
Anyway yg divisi C cek grup yaa;0
di coloumn sebelahnya ada namanya ya;0
yang kebagiannya dospem nasional missal pak K ada kontaknya di atas yaaa;0
ges oke ga pembagiannya khususnya untuk yg bu A dan bu B karena yang pak C dan bu D itu udah menghubungi sebelumnya;0
berarti itu ga sesuai nama dospem yang di gsheet ya kaliannya?;0
Bakar bakar sampah;0
Insyaallah mas isukan Bade kaditu;0
Ehh ya allah baru keliatan bisa langsung di loket nya tinggal bawa ktp aja nanti;0
Sip atuh hampura urg kara rek balik;0
Jika membutuhkan panduan format proposal KP dsb ada di link;0
Assalamualaikum warahmatullahi wabarakatuh pak selamat siang saya ijin bertanya pak apakah hari ini bapak sedang di kampus pak?;0
definisi prestasi akademik cuma juara 12 dan 3. peserta tidak termasuk;0
waalaikum salam ke prodi hanya kirim laporan yg kalian laporkan ke tempat mbkm magang mandirinya buat proposalnya dlu nanti akan dibahas oleh pembimbing;0
wa call amak n bp tp no answer kenapa???;0
Assalamualaikum kak kak bisa ngisi ulang galon sekarang?;0
Pagi Ka saya dari Depot Malik H2O hari ini depot sudah  buka seperti biasa dan pesanan air sudah bisa dianter mks;0
Lain jul Teu gableg duit ayena Moal daek nyaleg matak eedanan ngudag warisan;0
Enya kitu nyaleg Ada engga bahela basa cair duit proyek nyaleg mah ngan teu menang belegug;0
ai maneh ngarti jieun laporanna ku maneh kongkalikong sama yang lain jangan di masukin;0
Terus untuk si mah ti mimiti ti bulan Agustus Logbook na;0
Apa kita nanya ke dia kali ya mungkin dia paham bikin projek Computer vision;0
Bab 1 udah selesai mad kata pengantar aku udah tambahin terus bab 2 udah bab 3 baru latar belakang proyek akhir. Untuk bab 3 yang lainnya dan bab 4 penutup itu nanti pas terakhiran aja;0
Mad ini aku di perjalanan pulang nanti kalo udah sampai di kosan aku langsung kerjain laporannya;0
Nah boleh kaya ke coach Elly terus pihak orbit pihak msib terus jangan lupa pihak kampus sih menurut aku mah;0
Atau cara manual bang ttd dulu di HVS kosong nanti tempeling dulu ke word langsung copy paste ke link Google docs;0
Aku mah pertama ke draw nah itu ada kaya berbentuk spidol gitu;0
Atau cara manual bang ttd dulu di HVS kosong nanti tempeling dulu ke word langsung copy paste ke link Google docs;0
Kalo abstrak mending nanti setelah semua selesai kata aku mah kata pengantar dulu aja Giman?;0
Tuliskan rasa terimakasih kepada siapa saja yang terkait dengan MSIB ini;0
Mad ane dapet refrensi untuk laporan akhir yang udah jadi;0
